accountID,region,partnerInvolved
j58sge,North America,No
jbsvvx,Africa,Yes
529e88,EMEA,Yes
e59oet,EMEA,Yes
nw022j,EMEA,No
3oy2wf,APAC,Yes
z5g21z,North America,No
kofsjn,North America,No
0w3ynj,APAC,No
8jv53m,EMEA,No
ff0eo1,North America,No
kt2n1f,APAC,No
mvrv7b,EMEA,No
t7w9ze,North America,No
r0ggk2,North America,No
ta2z0d,APAC,No
akqkq7,North America,No
cl0t5q,EMEA,No
ekzk2g,EMEA,No
g8rycf,APAC,No
rpuw96,APAC,No
9wk5w7,Africa,No
nb8xvb,EMEA,Yes
pwb2ac,EMEA,No
pjyno2,North America,No
r41e5f,EMEA,No
qt0q6y,North America,Yes
la70oj,EMEA,Yes
wkc9pi,EMEA,No
mjcqul,North America,Yes
sp7j0z,North America,No
88itdy,North America,No
x6wght,EMEA,Yes
vsdlun,APAC,No
8ay9ra,North America,Yes
e0n181,EMEA,No
qgzii1,APAC,No
6xa4us,APAC,No
vgb3sc,North America,No
9frf77,North America,No
5gecpl,Africa,No
5e4zwc,North America,No
ro3guq,EMEA,No
sr30q5,North America,No
bu7ii5,APAC,Yes
bywi3b,EMEA,Yes
8s1bvg,EMEA,No
jo8spk,EMEA,No
i6iwy5,North America,No
61lyvk,APAC,Yes
8sz0px,North America,Yes
j85p01,EMEA,No
q8d3e7,Latin America,No
891a7r,APAC,Yes
92jr77,APAC,Yes
4twiby,North America,No
amh7ni,North America,No
85631m,APAC,No
9ud75n,EMEA,No
jn7lqr,EMEA,No
fzextp,North America,No
45mmcv,North America,No
8f32e2,APAC,No
wzngn6,North America,Yes
u2jmeg,North America,No
e5j2f6,North America,No
4oq6hw,EMEA,No
94joti,EMEA,No
pqpq9r,Latin America,Yes
difynb,Latin America,Yes
53wn8s,EMEA,No
vb8nzk,EMEA,No
4da77p,EMEA,No
dovb1b,Latin America,No
pgvecl,EMEA,Yes
lg3r25,North America,No
ta2zpc,North America,Yes
0hrfc7,EMEA,No
mhw29y,EMEA,No
2qjkzq,APAC,Yes
htg018,EMEA,No
2krbeo,APAC,No
tqfpuy,North America,No
5qfena,North America,No
053lno,North America,No
jtjy3y,EMEA,Yes
lc4gm7,EMEA,No
iuzh56,North America,Yes
r8zkcb,APAC,No
h77i1w,APAC,No
976s1l,EMEA,Yes
1obus8,Latin America,Yes
xc09ie,North America,No
k3x1d5,EMEA,Yes
tt01lc,North America,No
xsbfyz,North America,No
xykvb4,APAC,Yes
ohe518,North America,No
5cjgdn,North America,No
1x9zmw,North America,No
e6y7kj,North America,No
r0ofdq,EMEA,No
dh55f1,EMEA,No
e2lis1,EMEA,Yes
2vmb4c,North America,No
8kawm6,EMEA,No
olip7g,North America,Yes
muunni,APAC,Yes
q5vmyn,North America,No
5y8tp9,EMEA,No
3lbivw,Africa,Yes
1uut3k,North America,No
ykp24j,EMEA,No
w1mdca,EMEA,No
m8dgpy,North America,Yes
0nrmbg,EMEA,No
927zu5,North America,No
zipci2,North America,Yes
eso9ak,North America,No
a8zauf,Africa,Yes
phbden,EMEA,No
inx4t3,EMEA,No
jets43,EMEA,No
cxy7fm,APAC,No
hr0jfk,North America,No
8nwlk4,APAC,No
hfedq8,North America,No
2alnwc,North America,No
04a3fw,North America,No
d03dzi,APAC,No
n66fwu,EMEA,No
yftfic,North America,Yes
fodyt8,EMEA,No
tn654g,EMEA,No
hefc04,APAC,No
wdnjuh,APAC,No
e6y6us,North America,No
vg8aom,North America,Yes
s7zzt3,North America,No
up59sk,Africa,Yes
bbw3ng,North America,No
63c1xx,EMEA,No
hp7ooc,North America,Yes
p7j5lm,Africa,Yes
80gn3g,North America,No
52ftmf,APAC,No
xu1l10,EMEA,No
b81smn,EMEA,No
oztfk0,North America,No
hi4lfx,North America,No
rk1xj5,APAC,No
dp92e7,EMEA,No
gejzyz,APAC,No
hfr7oc,North America,No
ie032v,Latin America,No
28yore,EMEA,No
zok3ki,APAC,Yes
0pnx10,EMEA,No
pxqi8m,North America,No
j3x8i3,EMEA,No
vria6m,EMEA,No
pondan,North America,No
hyk6v5,EMEA,Yes
w0g5a5,EMEA,Yes
16x1g3,North America,No
cw5mdw,EMEA,No
e4pw08,North America,No
g6eeja,EMEA,No
b8pmuw,EMEA,Yes
byxnya,North America,Yes
q97sf4,North America,No
7zy0ev,North America,No
n3l2cf,North America,No
g5kk80,Africa,No
agio86,Latin America,No
wkw4ej,North America,No
ple0nf,APAC,Yes
rjmbyi,Africa,Yes
ngwcgw,EMEA,No
5ub3hk,EMEA,No
f145w1,APAC,No
aoxh9d,EMEA,Yes
1qz2w2,APAC,Yes
c7ld3j,EMEA,No
n8as0s,EMEA,No
ot0nju,North America,No
ry60w3,EMEA,No
cyddd4,EMEA,No
7m9jpx,APAC,No
51z4cc,North America,No
070y6v,EMEA,No
uyzge8,North America,No
yyf1wb,EMEA,Yes
ek5v3t,North America,No
vpiwuy,North America,Yes
2obwtz,APAC,Yes
bpimjg,Latin America,Yes
ctrr92,APAC,No
vkctzq,EMEA,No
dhsopp,APAC,No
0xnl9e,Africa,Yes
ea3qlp,North America,No
opx5d9,North America,No
vibl4a,Latin America,Yes
purgkh,North America,No
r9g3tm,EMEA,Yes
e2nc5o,North America,Yes
ljqaq0,Africa,No
d49wbn,APAC,No
5x8xz7,EMEA,No
hl97bx,Latin America,No
tctqqh,EMEA,No
ywbk4t,Latin America,No
21xhlq,APAC,No
4o73xp,EMEA,Yes
562xjo,EMEA,No
22niun,North America,No
nhp3xp,North America,No
ma0142,EMEA,No
1m7cxu,APAC,Yes
80eclu,EMEA,No
v7soap,North America,No
m700hi,North America,No
ym43g5,Latin America,No
x9u1fd,EMEA,No
dr172f,EMEA,No
uudrpo,North America,No
reig3u,North America,No
sib6i0,EMEA,No
kzm2ym,EMEA,No
1hxvxo,North America,No
pl54zt,EMEA,Yes
7l289r,EMEA,No
w5xg0k,North America,No
0lo3bj,Africa,No
yc8iwh,North America,No
tcatq3,APAC,No
btpg7h,EMEA,No
8i4e20,APAC,No
zrq991,APAC,No
zdm053,Latin America,No
6j3hxr,North America,No
d0tvgt,North America,No
j9xmcl,EMEA,No
6d2x36,North America,Yes
418ckh,North America,No
mt7h5o,North America,No
1fmdig,North America,No
7fgd5v,North America,No
r40tz2,EMEA,No
j71prb,North America,No
e18hp5,North America,No
zx6nk3,APAC,Yes
c64ebd,APAC,No
58l1b7,EMEA,No
k1ssa1,North America,No
hmp6k8,North America,No
tq5jiw,EMEA,No
zn9ows,Latin America,Yes
j8mriv,APAC,Yes
re5b6h,North America,No
t509sv,APAC,No
ccl5am,APAC,No
1n16xy,EMEA,No
whu27b,EMEA,No
un8ubi,North America,No
lg3tlb,North America,No
swqk22,EMEA,Yes
k5hh8a,EMEA,No
9749km,APAC,No
gafx3x,North America,No
aeg178,North America,No
ehidas,EMEA,No
md18c8,Africa,No
u0o912,EMEA,No
cqm4ok,North America,Yes
xeux4w,EMEA,No
jg7rga,EMEA,No
h8dtau,North America,No
d4dfad,EMEA,No
wyel0w,EMEA,No
qqhnm0,APAC,No
5hbebg,North America,No
dmwact,EMEA,No
esegfi,APAC,No
7l6uvu,APAC,Yes
36kn3x,APAC,No
gw6rjh,North America,No
9x5rk0,North America,No
m78774,Latin America,No
v8hhad,APAC,No
5cee9x,EMEA,Yes
t0ge0n,Latin America,No
9nv63i,APAC,No
d4rou0,APAC,No
ocp0dd,North America,No
0h829g,APAC,Yes
8l1dm0,Africa,No
ivlxhd,North America,Yes
6yzpy5,North America,No
4ejegc,EMEA,No
i9ixza,APAC,No
pdzgzg,North America,No
i8fj37,EMEA,No
w94olb,North America,No
4xee2z,APAC,Yes
eb1n2e,APAC,No
6q3nup,APAC,Yes
5m40kx,APAC,Yes
n2hr59,EMEA,No
hgogex,APAC,No
jng4cr,North America,No
20onwx,North America,Yes
xmf3y0,APAC,No
6nrwzq,APAC,No
la74xf,North America,No
bgu4p0,Latin America,No
30j7k2,EMEA,No
fwpls3,APAC,Yes
jbdt2a,EMEA,No
hbhll5,EMEA,No
zj77d3,North America,No
ohvm7k,North America,Yes
pxy2zw,EMEA,No
y73mb9,EMEA,No
fgfdyq,EMEA,Yes
8z49wb,EMEA,No
2ok3l6,North America,No
y237a7,EMEA,No
yaq8bn,APAC,Yes
6zawlq,EMEA,No
u738k1,EMEA,No
uhf95k,North America,No
qfuian,Africa,Yes
4kcmit,APAC,No
3y8u42,APAC,No
8eccxn,North America,No
kx20ra,EMEA,No
o1yaoa,North America,No
86dwhi,North America,Yes
7v43q1,EMEA,Yes
5vk232,APAC,Yes
76oc41,EMEA,No
q6ujdb,APAC,No
8dqqty,North America,No
nky34r,APAC,Yes
8ma0ob,North America,Yes
lgdfq1,EMEA,No
84il16,Africa,No
jk47po,EMEA,No
4u9e6j,EMEA,No
6iawj3,APAC,No
s6lp4d,EMEA,Yes
jhcp4i,North America,No
8glp9e,North America,Yes
9n2hsa,APAC,Yes
i1frzn,EMEA,No
ph3wsb,EMEA,No
bu9n36,APAC,No
pwp7mm,EMEA,No
8u3b0b,EMEA,No
z89qdz,Latin America,Yes
66zsq4,EMEA,Yes
jbv6g4,EMEA,No
0qa3kh,EMEA,No
6ubhr6,North America,Yes
hrsk3b,North America,Yes
uc0olk,EMEA,Yes
74znky,APAC,No
dpe0z3,EMEA,No
c8wayz,Africa,Yes
yu8mk0,APAC,Yes
sjp40d,EMEA,No
0bb2vo,EMEA,No
p7zai7,North America,No
d4oquh,EMEA,No
5qzbej,APAC,No
3tpjww,EMEA,No
4rv1gt,North America,Yes
8nyeu2,Latin America,No
shcfpq,Latin America,Yes
fjusfa,APAC,No
c6ncpi,EMEA,No
bviynh,APAC,Yes
u368h4,EMEA,No
symnyj,North America,No
j0o5wm,EMEA,Yes
wmtlir,North America,No
xdpuku,APAC,No
w1uvg6,APAC,No
j493bm,APAC,No
7glcld,Africa,No
ogasml,EMEA,No
g4o1kj,Africa,No
x3ce5m,North America,No
kdnt4n,EMEA,No
retw6s,EMEA,No
4duup1,Latin America,No
rayeis,APAC,Yes
dba3vg,EMEA,No
9wmgxn,EMEA,Yes
iag9mz,EMEA,No
vh8d0x,EMEA,No
ymtwtq,EMEA,No
jqv021,North America,No
sxawew,APAC,No
yduqg3,North America,No
ngqtdw,APAC,Yes
6f7yyg,Latin America,No
57bfyk,APAC,No
o5p8ae,EMEA,No
4tr3sf,APAC,Yes
olwhqt,EMEA,No
37sgfa,EMEA,No
bdsy45,North America,No
a156c9,EMEA,No
7s0qsy,North America,Yes
neydws,EMEA,No
6y59v0,EMEA,Yes
nfpjlr,APAC,No
3f1urx,APAC,No
9638kc,North America,No
6jrc37,North America,No
72a3lk,EMEA,No
wv6qqs,North America,No
2sh3oh,APAC,No
ahrnon,North America,Yes
shodqs,North America,No
afotsx,EMEA,No
st2ewp,North America,Yes
f681bb,EMEA,No
mcj6sj,North America,Yes
b36gj7,EMEA,Yes
ds36py,North America,No
03wwsr,EMEA,No
j57zjt,APAC,Yes
icb6z3,APAC,No
u26mgr,APAC,No
z2kmcz,Africa,No
vm7yrp,North America,No
slcs04,APAC,No
yhnm9b,Latin America,No
bxvagj,EMEA,Yes
p5jit3,Latin America,Yes
0wvqpi,North America,No
ml3dv3,EMEA,No
5xlsf5,EMEA,No
nnwrwr,North America,No
wsh7x5,Africa,Yes
uew9rb,EMEA,No
1cxhy6,North America,Yes
0dxi4k,EMEA,No
2soo3g,APAC,No
xshrpa,Latin America,Yes
ubpel9,North America,No
hm4y7g,North America,Yes
uppz8p,EMEA,No
50k6cc,North America,No
l5uari,North America,Yes
al9g57,APAC,No
sucfr6,North America,No
rst8vs,EMEA,No
1ovaap,Latin America,No
3eyojm,EMEA,No
2yokf0,North America,No
k9gx0t,EMEA,Yes
kmtuo5,North America,No
itr25g,EMEA,No
j9wn03,EMEA,No
o8q2qv,North America,No
974463,North America,No
hcebt3,North America,Yes
jmqcu9,APAC,No
nvsmd3,EMEA,No
p9k8cc,EMEA,No
z2p86q,EMEA,No
a8nf90,North America,No
pxcesj,EMEA,Yes
8q5hwk,APAC,No
4pddw4,North America,No
cpcznb,North America,No
05oxs3,EMEA,No
kkwszi,North America,No
fur0zm,EMEA,No
g7c6m6,Africa,Yes
guhg61,APAC,No
mpsojm,EMEA,No
niil1d,EMEA,No
e6533r,EMEA,No
k14pwn,APAC,No
v0j9ek,North America,No
k1g2a6,EMEA,Yes
klveok,EMEA,No
kewo0n,North America,No
dlhaqp,North America,Yes
x06kn8,APAC,Yes
0nq5zh,EMEA,No
xfl7rn,Latin America,No
gu28le,APAC,No
84nrhg,Latin America,No
likjhx,EMEA,No
lt69ik,APAC,Yes
x94keo,EMEA,No
mrhi6o,Africa,Yes
c3d4im,Latin America,No
ves5et,EMEA,No
8hnwjs,Africa,No
wevquy,EMEA,No
mayu7q,EMEA,No
fahx8f,North America,No
zsh9jn,EMEA,No
5d9gke,EMEA,No
34n3zr,North America,No
gs130t,EMEA,No
svp4ww,North America,No
jccpxb,Africa,No
04391n,APAC,No
ezk0c7,North America,Yes
xtuygm,North America,Yes
1scge8,North America,No
sqnmw6,North America,Yes
9d7iuy,North America,No
duxgwf,EMEA,No
wmx5n9,APAC,No
v0lt7t,North America,No
0hg8aq,EMEA,No
hzeqkz,North America,No
scy2s7,North America,Yes
cwcx12,APAC,No
ncmb2s,EMEA,No
lhunwk,North America,No
r56vki,APAC,No
wcumq6,APAC,No
reta0q,North America,No
imka64,North America,No
ej3qld,EMEA,No
b06yam,APAC,Yes
r9mrj5,APAC,No
0nkxsa,EMEA,Yes
mzhxq9,APAC,No
7787t2,North America,No
j1e5jf,North America,No
wf2b3k,North America,No
utv73r,Latin America,No
9qq3d7,Africa,Yes
2zr8s5,EMEA,No
o4mohp,EMEA,No
je06p5,EMEA,No
7ltt3b,APAC,Yes
14wakq,North America,Yes
195682,North America,No
72eeef,EMEA,Yes
7r1sl0,Africa,No
u4ur9d,EMEA,No
ddr176,Latin America,No
8x2y5y,Latin America,No
1rprkl,EMEA,Yes
057o1a,Africa,No
hpy027,APAC,Yes
9i6c68,APAC,Yes
8u4d58,North America,No
ltlon4,APAC,Yes
harnwp,EMEA,No
bjtgdv,EMEA,No
ds6tb4,EMEA,No
7v3amp,APAC,No
w3jx0z,North America,No
rlw1me,EMEA,No
ima84q,APAC,No
jp0hoy,Africa,No
t7cdi9,EMEA,No
ak0d3z,APAC,Yes
pszivg,North America,No
nvxd0w,EMEA,No
vaouin,EMEA,No
vgiw23,APAC,No
1tyf6a,EMEA,No
7zkyja,North America,No
t3pg9f,North America,No
kriu9c,APAC,No
ti1r84,APAC,No
d4yjyl,APAC,No
odadrz,APAC,No
0y319g,North America,No
35xu93,APAC,No
5puk0r,North America,No
mfiou8,APAC,No
84542o,EMEA,No
rxbmi8,North America,Yes
ftzb0i,Latin America,No
hl0yu6,Africa,No
g7cwam,North America,No
34z38w,Latin America,Yes
j7mjps,North America,No
t9y97w,Africa,Yes
a4dy0d,EMEA,Yes
9g6yly,North America,No
m4y4il,EMEA,No
1dwy6p,Latin America,Yes
n4773m,APAC,Yes
8ad4ec,North America,No
kthlzg,APAC,No
9tjhp2,EMEA,No
cuft4q,EMEA,No
xxxomv,EMEA,No
2ni6a0,EMEA,No
c7yvie,Latin America,No
tlwxoy,North America,No
wiurxi,EMEA,Yes
1jpqhh,APAC,No
h8pi6l,EMEA,No
v3go4k,APAC,No
u6hu7p,North America,Yes
hp1nno,Latin America,No
0j7xbm,EMEA,No
102emx,EMEA,No
b8gy04,Latin America,No
c43g3y,Latin America,No
6n0gqg,North America,No
7xp0dc,North America,No
izroyl,EMEA,No
ej9qqd,APAC,No
slt147,Africa,No
46rfrw,EMEA,No
8w38u8,North America,Yes
dr10hn,APAC,No
mtf7bv,APAC,No
i6jpgm,EMEA,No
mv1i6u,EMEA,No
yjmoep,North America,No
4suddl,EMEA,Yes
v8ufx9,APAC,No
8jqyfo,North America,No
6qxwvi,North America,No
bkoev1,North America,No
sr01b4,North America,No
nbvma6,North America,No
egitpc,APAC,No
wlevnl,North America,No
0cctsa,EMEA,No
b3mer5,Latin America,No
pab183,EMEA,No
bhv7wg,North America,No
mrvs6s,EMEA,No
t4pwu5,North America,No
i5huwl,North America,No
onrlpx,EMEA,No
qhprdy,North America,No
gvf3an,North America,Yes
0kb90s,EMEA,No
620hqk,EMEA,No
wele2a,Africa,Yes
yp0q6q,EMEA,No
zemwlp,Africa,No
n2f98y,Latin America,No
frgdh2,APAC,No
nu2kr1,EMEA,No
338nu2,APAC,Yes
pwhbx4,North America,No
6yehlt,EMEA,Yes
wxlhqn,North America,No
ixlbb0,Africa,No
i3vyvq,EMEA,No
iq5k75,North America,Yes
wnhctx,EMEA,No
ysqv9v,North America,Yes
b063bl,EMEA,Yes
mrl071,EMEA,No
nuvf87,EMEA,No
xcxs56,EMEA,No
zgjbe4,North America,No
45zfnv,North America,Yes
l0e1nh,North America,No
f97cxp,Africa,No
wnftxb,EMEA,No
7nnfbf,North America,No
rz1gju,EMEA,No
pcl6it,North America,No
1qxxwb,EMEA,No
un4lg1,Latin America,No
ejqmzo,EMEA,No
74frx8,Africa,Yes
0kh2dh,APAC,No
02w6ns,EMEA,No
if9d2q,Africa,No
e2ktcr,Africa,No
b1rmat,North America,No
ur34p6,EMEA,Yes
g13lsf,North America,No
8uonss,North America,No
rchr0a,EMEA,No
grbxe1,APAC,No
15icpq,North America,No
g1p2v7,EMEA,No
gztbky,Latin America,No
b44q4y,Africa,Yes
cc67zx,North America,No
r9di30,Latin America,No
6ukps5,EMEA,Yes
wqizx4,North America,Yes
ijvv3v,EMEA,No
iyyb0z,EMEA,No
kd72we,North America,No
202ixu,North America,No
va7unp,North America,No
73btdh,EMEA,No
mn8k3f,EMEA,Yes
l5oyry,EMEA,No
z3i7dh,North America,Yes
29ifpg,EMEA,No
qlh24h,EMEA,No
8iy4zy,Latin America,No
it413o,APAC,No
lfwzth,APAC,Yes
p9rhph,EMEA,No
756qvl,EMEA,No
qhw09j,North America,Yes
dvv10q,EMEA,No
cpdpv8,North America,Yes
bwbsri,APAC,Yes
0lk4e7,EMEA,Yes
caqkzt,North America,No
c5xmpo,North America,No
vi02lv,APAC,Yes
5obp00,APAC,No
taosac,EMEA,No
porbke,Africa,Yes
ccteui,EMEA,No
ygeotn,APAC,Yes
hht3dd,EMEA,No
89ix1x,EMEA,No
1vavpu,Africa,Yes
06gayh,North America,No
m2ua8x,North America,No
uymd12,EMEA,No
76e43x,EMEA,No
x9kcax,North America,Yes
s4u5zn,APAC,Yes
twcoto,APAC,Yes
0968v7,North America,No
qv1q88,North America,No
9rk70a,North America,No
bt5vwi,Latin America,No
qbn5if,EMEA,Yes
nau50f,EMEA,No
9j83ye,North America,No
jzqq6c,North America,No
w9g2qm,North America,No
gfeckk,EMEA,No
fy72km,Latin America,No
k5y6z0,EMEA,Yes
611u7y,North America,No
hwsxp4,APAC,No
fl4czx,North America,Yes
5kxwsn,Africa,No
hdwo5p,EMEA,Yes
opek50,North America,No
lydxun,North America,No
xinzim,EMEA,No
sectrf,Africa,Yes
68drfs,North America,No
afdir0,North America,No
psglff,North America,Yes
m5q3x7,EMEA,Yes
jt22pr,EMEA,No
2nnay5,EMEA,Yes
tpf3tb,APAC,No
4uyrdf,Latin America,No
ahxtwx,North America,No
y16o4v,Latin America,No
8yxy6y,Latin America,No
ww1313,APAC,Yes
o88liv,EMEA,Yes
9tzq9g,North America,Yes
57daeu,Latin America,No
ap4c7a,North America,No
5cuy72,Latin America,No
h0uiz0,North America,No
nyu3r5,EMEA,No
pb8yzm,APAC,No
fam5at,APAC,No
liagje,North America,No
tr64st,North America,No
mtvkts,EMEA,No
jk1j62,EMEA,No
3hgpiw,EMEA,No
oabhcm,EMEA,No
bqvgdo,APAC,No
vz67rv,EMEA,No
pgrpas,APAC,Yes
lhe8um,APAC,No
bx4w3u,North America,No
49o506,EMEA,Yes
in4a2a,North America,Yes
nhhuuk,Africa,Yes
r41if0,North America,No
hck34b,Latin America,No
f12y7s,North America,No
afinqs,EMEA,No
70w5nv,APAC,No
9g7hc5,EMEA,No
q8khv2,APAC,No
13wzfa,North America,No
x1gw9p,Latin America,No
fcnlr0,North America,No
r0hr3b,EMEA,No
y2ceww,APAC,Yes
6db530,North America,Yes
w77ien,North America,No
gy2ait,North America,Yes
080eg4,North America,Yes
slgizo,APAC,Yes
riheai,EMEA,Yes
15tnzq,Africa,Yes
cod2hd,Africa,No
d79p6e,APAC,No
k3fmrm,North America,Yes
xa93go,EMEA,No
oud49m,EMEA,No
oexisw,APAC,Yes
tmt0ec,North America,No
t0vbt3,North America,Yes
cn1mr8,Africa,No
v6851p,EMEA,No
8mlta1,EMEA,Yes
g04qsv,APAC,No
hgopaf,North America,No
7q0h0y,EMEA,No
n1505v,North America,No
87jss3,APAC,No
lby775,EMEA,No
0f1dij,APAC,Yes
embtyn,APAC,Yes
qznkkt,EMEA,No
kfh4ig,EMEA,No
2hi45u,North America,Yes
0e1oc4,EMEA,No
ue3rni,North America,Yes
mmpgtb,EMEA,No
681lsq,EMEA,No
67oo37,APAC,No
t0vs5x,North America,No
igab5s,EMEA,No
2wmoxi,APAC,Yes
ucg8jb,EMEA,No
jg09hw,EMEA,No
evs869,EMEA,No
nm0x8g,Latin America,Yes
go0oy5,North America,No
8exjey,EMEA,No
fdv9i8,EMEA,No
cz5gaa,EMEA,No
hdc29b,APAC,No
unpqpe,APAC,Yes
35hss4,APAC,Yes
vztnbg,EMEA,Yes
fc94dr,North America,No
q7u31l,North America,Yes
uoqmeo,Africa,No
v8s7s6,North America,No
ckbqhw,EMEA,No
lfwuax,EMEA,No
6sv69v,North America,No
mfw5w5,Latin America,No
szk8hq,North America,No
31sv0n,EMEA,No
kiqnwh,EMEA,No
nllrrn,APAC,Yes
w70dd5,EMEA,Yes
eezr79,Africa,Yes
puiy9y,EMEA,No
y1z7oq,EMEA,No
oi3ocx,EMEA,No
p3h9dh,APAC,No
ouo6e3,North America,No
kqw02l,Africa,Yes
xnm8va,EMEA,No
6k6ek9,EMEA,No
574o5z,North America,No
jbyd17,APAC,No
t7a6el,EMEA,No
by0a4d,Africa,No
ddqgbw,EMEA,Yes
c1xnky,EMEA,No
c757x9,EMEA,No
xziopu,North America,No
7qnwzq,EMEA,No
jzm1ju,North America,No
uuaa3q,North America,No
yk6y6g,North America,Yes
60cvmv,EMEA,No
uew34e,EMEA,No
smwrhc,Latin America,No
povn1p,North America,No
rgh08m,EMEA,Yes
4hzzv8,EMEA,No
an2tf6,APAC,No
9nq63c,North America,No
tdxher,North America,No
znvmej,Latin America,Yes
0quoqw,APAC,No
e0rm31,EMEA,Yes
048lq2,EMEA,No
6sq307,EMEA,No
aadts3,Africa,Yes
76no08,North America,No
pzi76v,EMEA,No
ot72j8,EMEA,Yes
w4ukzd,North America,No
52z0bi,EMEA,No
h6oci5,North America,No
yjry4k,North America,No
m3566e,Latin America,Yes
9rc0mt,EMEA,No
isjhkz,Latin America,No
vccn9d,Latin America,Yes
t7pcp8,EMEA,No
fbh5ej,APAC,No
pl2vtg,North America,Yes
l3in85,Africa,Yes
b92a7b,EMEA,Yes
7sfz12,Africa,No
w8fc4z,EMEA,No
cvc8vv,EMEA,No
hwkgdm,North America,No
8kldtv,Africa,No
7fw2xv,EMEA,Yes
tt2fvv,EMEA,No
3pqstl,APAC,No
hg81y8,EMEA,Yes
exgog1,North America,Yes
j065l6,EMEA,No
dvp1ez,Africa,Yes
d3md0i,EMEA,Yes
h72m70,EMEA,No
cmiqgm,Africa,No
e4reg6,APAC,No
pwofmv,APAC,No
jrkymt,North America,Yes
19ex5z,Latin America,No
2xy5jf,Latin America,Yes
wtz8xy,EMEA,No
oln4t3,North America,No
n8npo9,North America,Yes
ai7c07,North America,No
18sj60,APAC,No
7kvzbb,APAC,Yes
k3w57e,EMEA,No
dx080r,North America,No
gb5dus,APAC,No
afhog4,North America,No
sosbxx,EMEA,Yes
4ur3ry,Latin America,No
7jzzxl,North America,No
nvmxvl,APAC,Yes
v2k0f6,EMEA,No
w9hxg7,Latin America,No
bfv2rg,APAC,No
8dcxdy,EMEA,No
havs0g,EMEA,No
399d44,North America,No
88gn13,North America,No
sgio27,APAC,Yes
mw7zt6,EMEA,No
sc48wd,EMEA,No
0k3fx1,EMEA,Yes
nuqyte,APAC,No
csu88n,North America,Yes
tibgq6,EMEA,No
1et6et,North America,No
2565kt,APAC,No
b6se3q,APAC,Yes
hi4fm0,North America,Yes
7o6ncz,Latin America,No
3q830y,North America,No
aan8d4,EMEA,No
jw75fz,Africa,Yes
6i0jlg,EMEA,No
oml0iu,APAC,Yes
nwrzum,Latin America,Yes
lpbyja,North America,No
o2ujx3,North America,No
3frgzy,APAC,Yes
2xt8ko,EMEA,No
hpndrd,EMEA,No
45hkzd,North America,No
qord8i,North America,No
5ytkth,Latin America,Yes
lh62b7,EMEA,No
rj1lxq,Africa,No
kmqicf,Africa,Yes
e1tsjm,APAC,No
omtqhl,EMEA,No
xs2h35,EMEA,No
gnz0cu,APAC,No
354dhw,EMEA,Yes
ureqq1,North America,No
wdpe2b,EMEA,No
g5ekem,EMEA,No
iwxszu,Africa,Yes
kqqo4r,EMEA,Yes
mieiav,APAC,Yes
vqs9q9,North America,No
p988qo,North America,Yes
bf4lne,North America,Yes
qd5840,EMEA,No
79xqjc,Africa,No
yiak8f,EMEA,No
6mbrwl,EMEA,Yes
ba3egt,North America,No
uyug7e,North America,Yes
4kjo5v,EMEA,Yes
674p86,North America,No
54xhuf,APAC,Yes
kbbhvx,EMEA,Yes
61xsnd,North America,No
9qacge,Africa,Yes
palsz1,EMEA,No
kp56i4,North America,No
vcbb0l,APAC,Yes
8fv2o2,North America,No
r6k8j7,EMEA,No
l4mun6,APAC,Yes
ud9si5,APAC,Yes
82u80l,North America,Yes
jebfjv,EMEA,No
y0y4ms,APAC,No
4j8uti,EMEA,No
nmi6dg,EMEA,No
j2ffb7,EMEA,No
ccobht,EMEA,No
wm2t6v,APAC,No
fxl9dn,EMEA,No
p6wu33,EMEA,No
yz4jpl,Latin America,No
3h7nq1,EMEA,No
dtfngg,EMEA,No
mfah1g,EMEA,Yes
n7uyjt,North America,No
1insm3,EMEA,No
o7awzo,Latin America,No
p69je6,APAC,Yes
v0p7e4,APAC,No
4etbx1,APAC,No
fee7es,APAC,No
xjqe4v,APAC,No
ua04s1,North America,No
r3dx0z,APAC,No
dxm2n6,EMEA,No
voo341,North America,No
h1kpaw,North America,No
bfakai,APAC,No
cxg5mm,EMEA,No
0gz6q8,North America,No
6jxjfp,APAC,No
gjxct2,North America,No
3gbcdd,North America,Yes
6dlgka,EMEA,No
hf4u92,North America,No
lefwlo,EMEA,No
s0e6sc,North America,No
d45mng,North America,No
q3nwx8,EMEA,Yes
vzuw1k,EMEA,No
2d7t4q,North America,No
21dpdm,North America,No
xxe6oe,North America,No
i7t3am,EMEA,No
wkt726,North America,Yes
41yaa1,EMEA,No
ahd7sd,North America,No
a3sg85,APAC,No
c12hph,APAC,No
vwmh22,Latin America,Yes
za4wta,North America,Yes
h40ap3,North America,No
0hxbek,North America,Yes
lxl02y,EMEA,No
uaajnf,APAC,No
5gb4a6,APAC,Yes
wpwbxg,APAC,Yes
2umnhr,North America,No
z9s3w6,EMEA,No
iodiod,EMEA,No
xcm2kw,North America,No
h1izt6,Africa,No
6nw190,APAC,No
vo7q1h,EMEA,No
b1vnuq,EMEA,No
hdv7vj,EMEA,No
u3tk0o,APAC,No
i4yeof,APAC,No
5cuan3,EMEA,No
eye8xn,Africa,No
6qi28l,EMEA,Yes
agm9to,North America,No
4ine87,North America,No
n7oyss,North America,No
vfb9ky,Latin America,No
03ykq8,EMEA,Yes
f72nja,North America,No
mn9ub7,North America,Yes
z8hh81,North America,No
j2d6w9,North America,No
6h6fav,Africa,No
9t7lms,EMEA,Yes
6fpted,APAC,No
tjvv0j,APAC,No
7bma1u,EMEA,No
b078a0,APAC,Yes
xaeh4q,APAC,No
9do1dt,Latin America,No
vchhee,EMEA,No
5vva5a,EMEA,No
7ufrk7,APAC,No
dn1dw1,EMEA,No
etbd4h,North America,No
yxs626,North America,No
7selmm,EMEA,No
cd08pf,Africa,No
jdif4a,North America,No
9oxak9,EMEA,No
dsy3f6,APAC,No
8wbqgk,North America,No
sw6dv6,North America,No
nrkosl,APAC,No
uhu6cm,EMEA,No
2z9c0h,North America,No
vljh42,North America,No
tcpm4f,North America,No
7uaxpy,Latin America,No
3xqydc,APAC,No
dbszu1,EMEA,No
2ujbyw,North America,No
jgqbcw,EMEA,No
xk6z56,North America,No
tzrdkd,APAC,No
l6ns8n,North America,Yes
bbe7pb,Africa,Yes
ha4wzc,EMEA,No
08wfvy,North America,No
m5sjqa,North America,No
8fi0xg,North America,No
2oflwn,Africa,No
060bpk,EMEA,No
g6b6wr,North America,No
2sd58a,EMEA,No
4in685,North America,Yes
7db02n,APAC,No
bk2k6y,Africa,Yes
cgcvxw,EMEA,No
jiatd3,EMEA,No
4w0vq4,North America,No
9030oj,EMEA,No
q40o7l,EMEA,No
rs5sog,EMEA,No
2mpgbq,Africa,No
tjvems,EMEA,No
xqvd0t,Latin America,No
whay3k,North America,Yes
4i7s3o,APAC,No
78cz57,North America,No
gat13j,North America,Yes
6opyu1,APAC,No
0cy1pq,North America,No
hycrsi,EMEA,No
78492s,Latin America,Yes
ojiqti,EMEA,No
dpltnf,EMEA,No
lw4s9o,Africa,Yes
4mgqwq,North America,Yes
wuo8jj,EMEA,Yes
o0xrar,North America,No
oei6wc,EMEA,Yes
8y41nh,EMEA,No
abje3q,North America,No
6f7s7a,North America,No
dr9x4x,Africa,Yes
97sknn,APAC,No
srkgoi,Latin America,No
jhouor,EMEA,No
hoau3d,North America,No
p2bdx9,APAC,Yes
hifgld,APAC,No
qmczh2,EMEA,Yes
nlnak2,North America,No
tmxsi8,EMEA,No
4rv98f,North America,No
srcmi0,APAC,Yes
1n3f6t,APAC,No
sl1saf,EMEA,No
cwvb9o,EMEA,No
lyu4ut,APAC,Yes
cy5xl0,EMEA,No
1tx44y,EMEA,No
nznsao,APAC,Yes
era219,North America,No
op24an,EMEA,No
a3x43p,APAC,No
hsss6s,APAC,No
sd5iox,EMEA,Yes
rlbbqt,APAC,No
jr34gm,EMEA,No
6bn0l3,EMEA,No
pfyb3m,APAC,Yes
oa0uqe,EMEA,No
2572h6,Latin America,Yes
5g5zk1,Africa,Yes
fqz9pl,EMEA,No
bhcd3p,North America,No
1knq0z,EMEA,No
kmohfi,North America,No
8irn5j,APAC,No
c2grdl,APAC,No
00gw3k,North America,No
yzpl5w,North America,Yes
ls14xe,EMEA,No
gjgfsp,North America,No
6rjy1h,EMEA,No
dg6z2t,EMEA,No
gb15fa,Africa,No
ormxe9,Latin America,No
pnrk2a,EMEA,No
bmho3c,EMEA,No
81udgv,APAC,Yes
hkfnw1,North America,Yes
mu5tpn,EMEA,No
xhis9q,North America,Yes
b2qjzm,North America,No
rtf5q2,North America,No
rqfjcb,EMEA,Yes
2v5yfj,APAC,Yes
kllgwm,North America,No
nwuevq,North America,No
w992xs,North America,No
ggrzg0,North America,No
kxjatc,APAC,No
fvcd83,North America,No
njul27,North America,No
od50q4,APAC,No
ebjbg2,EMEA,No
dinyiu,North America,No
ieu193,APAC,Yes
bzxb2u,EMEA,No
tde0a9,North America,No
dlqn8i,North America,No
fdwszm,EMEA,Yes
r9c6yk,North America,No
525kxs,APAC,Yes
rjsnjt,North America,No
3ae4jr,Latin America,Yes
oyxxb8,North America,No
g8pe8q,APAC,No
t1pyf3,EMEA,No
6b057y,North America,Yes
ktp6p5,Africa,No
ezaorq,Latin America,No
ayh236,North America,No
tqf3e9,North America,No
tkbmka,EMEA,No
ibpjhr,Africa,No
r9vsf6,North America,No
ms66sq,Africa,Yes
w07cpk,North America,No
kc8omo,EMEA,No
jsbr85,Africa,No
d85aet,North America,No
w3ucpq,APAC,Yes
km6vnd,EMEA,No
p9bi1l,North America,No
6r8gxg,Latin America,No
h1e81p,Africa,Yes
i01pkt,EMEA,No
yvkbdj,EMEA,No
lq0a5d,EMEA,No
jv6d86,EMEA,No
3eof9a,Africa,Yes
apsfv1,APAC,No
vqol6v,North America,Yes
6ios6g,Latin America,Yes
ev5m2e,APAC,No
gzjstv,North America,No
exayb1,EMEA,No
72m65a,North America,No
a6531j,EMEA,No
g1ybf8,EMEA,Yes
zx72hp,North America,Yes
498x6k,APAC,No
shkgq1,North America,No
1sgwx7,EMEA,No
o5fxbu,APAC,No
47q2nl,APAC,Yes
482ntq,Latin America,Yes
4g7bz5,North America,No
kt3n7p,North America,No
e7nt8j,EMEA,No
8orrn4,North America,No
8sxhl2,EMEA,No
yda949,EMEA,No
2lpqbg,APAC,Yes
r7h746,APAC,No
e3p3ns,EMEA,No
lvzh7m,North America,Yes
p3tt0k,North America,No
dgimx7,EMEA,No
txg6kz,North America,Yes
q8xt2l,EMEA,No
0em20m,APAC,Yes
kiz5q2,APAC,No
pt55hi,EMEA,No
d98lkn,EMEA,No
28moz5,EMEA,No
k4epza,North America,Yes
2xt482,North America,No
m18k7q,APAC,No
idtpje,North America,No
k90te9,North America,No
qhhk61,EMEA,No
dkmdkh,EMEA,No
gmjp8n,North America,No
ljhyjo,APAC,No
5x0fi7,Latin America,No
rdatxd,North America,No
1vod0z,EMEA,No
13e9ls,North America,No
5zhwu3,APAC,No
fn7d9s,EMEA,No
gbaxwd,North America,Yes
7ot0tj,APAC,No
nfwgeg,EMEA,No
wu40ni,APAC,No
wwu0m1,North America,No
ttkenk,EMEA,No
w3i41u,Africa,Yes
w70vz6,North America,Yes
gcwni3,North America,No
yd496q,EMEA,No
mp4xat,EMEA,No
er4l5r,EMEA,No
924m9a,Africa,Yes
02d9pe,EMEA,No
h7ty4k,APAC,No
pomsdl,North America,No
35lz8k,EMEA,No
uw4nea,EMEA,No
fknn9r,North America,No
u94tew,APAC,No
bczq88,North America,No
f96yg2,North America,No
9f0sh0,Latin America,No
0hs8ue,EMEA,No
w10mbm,APAC,No
cyxfbh,North America,Yes
xoijvk,Africa,Yes
xf5h8f,APAC,No
wcusmv,EMEA,No
7h8uwo,EMEA,Yes
dvel68,APAC,No
d7kbjc,EMEA,No
zpcaby,North America,No
q7imau,North America,No
5qshrm,APAC,No
6q5137,EMEA,Yes
x0m0yt,APAC,No
7q1edv,EMEA,Yes
pol0f6,North America,No
pi4q4h,Africa,Yes
utpoav,North America,No
ai2p0k,EMEA,No
i42fw5,North America,Yes
yonvhm,EMEA,No
m4s364,APAC,Yes
75ltb1,North America,No
evvpbi,North America,No
d8iypg,Latin America,No
2sc73g,North America,No
8tyg1n,North America,Yes
ei17ck,APAC,No
3b5kby,EMEA,No
e8cbyw,EMEA,No
4e6u3r,Latin America,No
1khk2u,EMEA,No
uqlz8g,North America,No
61v5q0,APAC,Yes
ousgna,APAC,No
94stt6,EMEA,No
g6o6s7,North America,No
vcjf8u,EMEA,No
wcfgpp,North America,No
pw87rg,North America,No
7o7j8d,North America,No
4wf47r,Africa,No
uki35c,North America,No
qd82jb,Latin America,No
4cfu7h,Latin America,No
qulpy4,North America,No
svubat,North America,Yes
dco7k0,EMEA,No
m0h7ru,Africa,No
gn7gks,North America,No
2k0ujw,North America,Yes
qj7aps,EMEA,No
wqka7x,Africa,No
if71js,APAC,Yes
vgadjc,North America,No
gdl3mk,EMEA,No
00hld3,Latin America,Yes
0oxbxu,EMEA,No
av7d3r,North America,Yes
9yw65k,APAC,Yes
i1zj3l,APAC,Yes
xa4zy3,EMEA,No
la92tz,North America,Yes
di5zmk,Latin America,No
2w6m82,EMEA,No
l9ruv1,EMEA,No
3zwtzg,EMEA,No
abw1eo,EMEA,No
a7bi6t,EMEA,No
bll3ve,EMEA,No
h1qk5h,North America,No
tn5b9l,EMEA,No
9mreu0,Africa,No
cbmqqz,EMEA,No
499pzx,North America,Yes
nsgeqd,North America,Yes
g5zj1y,North America,No
t7ldju,APAC,Yes
lstu7n,EMEA,No
x795x4,North America,No
a1d3rn,EMEA,Yes
wpb1i8,North America,No
q0oxqk,North America,No
p2kyhk,EMEA,No
dnevob,North America,Yes
64q94e,EMEA,No
jycmo4,EMEA,No
2212j9,Latin America,No
zcp3xj,EMEA,No
xqyfe3,Africa,No
bwrl2c,EMEA,No
oscbkx,Latin America,Yes
ig3lp0,North America,No
wh7d5n,EMEA,No
c74gww,EMEA,No
oxgnk1,EMEA,Yes
n9yj8v,Latin America,Yes
r1beaf,APAC,No
rn7j09,APAC,Yes
fbo5ig,EMEA,No
srme3k,Africa,Yes
t2ilm1,EMEA,No
yx1t77,EMEA,Yes
1z8gqi,EMEA,No
2limig,Latin America,No
38wibt,EMEA,No
m4yh6t,APAC,No
7ixhif,EMEA,No
cjks1h,EMEA,No
4wzs9n,APAC,No
0zoplc,EMEA,Yes
ujohm6,Africa,Yes
p6o2eg,EMEA,No
wa9eno,APAC,Yes
mcwmgv,Latin America,No
2nxva3,EMEA,No
i0le80,APAC,No
3twg99,North America,Yes
zb6dna,North America,No
mylrid,EMEA,Yes
vrwnm1,APAC,Yes
4n4m6j,EMEA,No
ffgk16,APAC,No
ohinsx,EMEA,No
qo6yb6,North America,No
mq2k06,APAC,No
697n25,APAC,No
p3tsqx,APAC,No
dslyi8,North America,No
bep7wc,North America,No
ay3qsy,North America,No
gyq8ny,EMEA,No
kn3ny3,North America,Yes
urvwpv,North America,No
f67k9c,EMEA,No
tcqyjy,APAC,No
5ebhyj,EMEA,No
lh0uwf,APAC,No
aa90jf,Africa,Yes
ial4rw,EMEA,No
4brr7b,North America,Yes
x5jxad,EMEA,No
3a5y61,EMEA,No
d20966,North America,Yes
2dhc77,North America,No
x50ccf,North America,No
f1br5s,APAC,No
clc6jy,APAC,No
1ubtoi,North America,No
jx3bs9,EMEA,No
zsapck,North America,No
alhpcu,EMEA,No
uvn8v5,Latin America,No
9glpt7,North America,No
vqsitx,North America,No
j2y8jo,APAC,Yes
ob5pfc,EMEA,No
tyiazh,North America,No
2ad3w9,APAC,Yes
4naew2,EMEA,Yes
dl8kv8,EMEA,Yes
dv169p,EMEA,No
hiv5gn,Latin America,No
g9r6ag,North America,Yes
qpmcit,North America,No
4l3jc5,North America,No
jklq39,EMEA,No
9tyhrz,APAC,No
2zllv5,North America,No
i3xe7y,North America,No
3vrrva,Africa,Yes
s0hb0v,APAC,No
6hyyzm,North America,No
3itcfu,North America,No
x1dlxz,Latin America,No
slxtfx,APAC,No
fvzx37,EMEA,Yes
l8hagx,Africa,Yes
1qhpon,North America,No
p3hfue,North America,No
hw8a05,EMEA,Yes
8ids12,APAC,No
nwfkg2,North America,Yes
28vcap,APAC,Yes
770sht,EMEA,Yes
ux6cfv,EMEA,No
vl7zu6,Latin America,Yes
c0gi3l,APAC,No
k8q5bx,APAC,No
viej03,North America,No
olhkvy,North America,No
3lx18s,APAC,Yes
pt04hv,EMEA,Yes
b2cjvd,North America,No
trt2la,APAC,Yes
6lf2ca,North America,No
l1imoj,EMEA,No
9wkdjj,APAC,No
sg7vek,APAC,No
xaokvm,APAC,Yes
rlwji4,EMEA,No
23grmw,North America,No
riowa6,EMEA,No
ik3su5,EMEA,No
0kr7ck,EMEA,No
i49pbc,EMEA,No
dl92da,APAC,No
4wsr8v,North America,No
tunup2,North America,No
j06zal,APAC,No
kyahcd,EMEA,Yes
ego6n0,EMEA,No
b5ooo1,North America,No
isw1mo,APAC,No
3qd0ga,EMEA,No
srw4ah,EMEA,No
gry9sn,North America,Yes
2frq4v,EMEA,No
xdilhd,Africa,Yes
y9h4e7,EMEA,Yes
uya5d3,North America,No
cf8s1d,EMEA,No
77u9h4,EMEA,Yes
t3lzh8,APAC,Yes
gco84c,North America,No
njkl1q,APAC,No
9dtrwq,North America,No
1m20r9,APAC,No
ivzxxf,EMEA,No
cuf2nn,EMEA,No
a0teii,EMEA,No
wu0yxs,North America,No
ki9j99,EMEA,No
snos6o,APAC,No
urcmq7,EMEA,No
eot4mi,APAC,No
3gx6p4,EMEA,No
f3jm3w,Africa,Yes
8px0cd,North America,No
b7imd6,North America,No
l8gd3o,Latin America,Yes
ss9yv6,EMEA,No
z4cseg,EMEA,No
ioxnlx,North America,No
chcahk,North America,Yes
1v8k13,APAC,No
ww37ch,EMEA,Yes
szver0,EMEA,Yes
ll8s5w,EMEA,Yes
4bxmmr,North America,Yes
5id82d,EMEA,Yes
lijfkk,EMEA,No
kzlgh5,North America,No
kruaeh,Latin America,No
iv6kg9,EMEA,No
otcr88,North America,Yes
00gtxw,North America,No
xc1aye,North America,No
36sjot,EMEA,Yes
r3zw7i,APAC,No
4fw4oe,EMEA,No
vstd1z,EMEA,No
imhmmo,Africa,No
s4f6vp,North America,Yes
dzmvry,North America,Yes
ocdkie,EMEA,No
4xadrm,EMEA,No
48rkod,APAC,Yes
wiqpqx,North America,No
yhj4xb,Africa,Yes
571hyo,North America,Yes
efyumx,EMEA,No
6duy70,EMEA,No
zpd575,Africa,Yes
rgs6qy,EMEA,No
lbctpp,Africa,No
qx0yl4,APAC,Yes
9vob1a,EMEA,Yes
ahs4sm,North America,No
24yxo4,APAC,Yes
guib1f,North America,No
egq5je,APAC,No
dfkvoe,EMEA,No
swwpsw,EMEA,No
5p4enp,EMEA,No
t61xlk,EMEA,No
f69kek,EMEA,No
jm032s,APAC,Yes
a00jm0,APAC,Yes
tflo8j,APAC,No
901slv,North America,Yes
q8fnv5,EMEA,No
ueuxdr,North America,No
87afli,North America,No
itpipz,APAC,No
oqg8ei,North America,No
pyaedb,EMEA,No
zeua2d,North America,No
ovnifg,EMEA,No
5q5gh1,APAC,Yes
cwnrsu,North America,No
evg78a,EMEA,No
jrzyla,Latin America,No
eo5rbr,APAC,No
wl6jwr,North America,No
4954u5,North America,No
ushu2w,North America,No
o5j7mu,Africa,Yes
n5d2od,North America,No
7cd3gk,North America,No
qd8mov,Latin America,Yes
3hebgp,EMEA,No
ld3av0,EMEA,Yes
xrtwl9,APAC,No
ut2sld,Latin America,Yes
zd8xso,APAC,No
uc5f0k,North America,No
ym33ux,APAC,Yes
aj8tha,EMEA,No
eeoccs,EMEA,No
atk0cs,North America,No
llsxdc,Latin America,No
aerlby,Latin America,Yes
0wwkiv,North America,Yes
cddqrb,North America,No
5d6ybc,EMEA,No
9sop9e,North America,No
c5n3yb,EMEA,No
hrl6yn,APAC,Yes
kiqvm7,APAC,Yes
tfv5y8,North America,No
77lnte,North America,No
29aql1,EMEA,No
hahau5,EMEA,Yes
i51tse,EMEA,Yes
2o9til,North America,No
3kiq9e,North America,No
lwuign,EMEA,No
11mh0k,EMEA,Yes
9q52o4,EMEA,No
7okai2,APAC,No
vvpgxk,North America,Yes
jkru3s,Latin America,No
hf4r2l,Latin America,No
vk7rpm,APAC,Yes
700r28,EMEA,No
zndqf1,North America,No
jy50h1,North America,No
dqn1cm,APAC,Yes
xph44b,North America,Yes
aajb8n,North America,No
bwvvyj,APAC,No
sfbyaf,North America,No
slwft5,North America,No
nke2n9,APAC,Yes
tf8j3j,EMEA,No
mnxvop,North America,Yes
aqfw01,EMEA,No
2l1z4c,North America,No
r89ydm,North America,No
vl2jh5,EMEA,Yes
25cf99,APAC,Yes
4gza32,North America,No
3mtok5,EMEA,No
yzbes7,APAC,Yes
hjk11d,Africa,No
cxnygl,North America,No
dac5sp,EMEA,Yes
vpbov0,North America,Yes
d8875c,APAC,No
fnilsx,North America,No
b0b1pc,EMEA,No
gxpos1,North America,Yes
3pp9ay,EMEA,No
9nrpnu,EMEA,No
3y5pyz,North America,Yes
ji32kt,EMEA,Yes
2govfb,North America,No
z595mn,EMEA,No
5njcgd,EMEA,Yes
dz7bjf,APAC,No
4d40bd,Latin America,Yes
2gkorq,North America,No
1p1jm8,Latin America,No
i0vrh4,North America,No
t98cx4,North America,No
2q57ux,EMEA,No
9oq4c8,North America,No
nlcfne,EMEA,No
xpv4en,North America,No
fflmwg,Latin America,No
iyt72x,North America,No
vrmwrm,APAC,No
iynmnb,North America,No
q35vqd,APAC,No
tfmnm0,North America,No
kerh97,APAC,No
onciae,North America,Yes
g4gjuu,North America,No
wo1d2c,EMEA,No
xjdm75,North America,No
rm4ot0,APAC,No
4yl1pe,APAC,No
cgqpoe,North America,No
njdvc1,Latin America,No
6ylst0,EMEA,No
kqxyk3,North America,No
0juc6z,Latin America,Yes
u2khhn,North America,No
xm7vo8,APAC,No
9l91yi,Africa,No
l303m2,North America,Yes
uh9cqq,EMEA,Yes
yyhm53,Latin America,Yes
nl5lsm,North America,Yes
9ai671,Latin America,Yes
igagdi,Africa,Yes
1rp32q,APAC,Yes
ta2792,North America,No
ml1dq8,EMEA,No
q48ni4,Africa,Yes
k9afz5,APAC,Yes
0xvei9,APAC,No
7aw3k2,North America,No
kyy7kt,APAC,No
gnu700,EMEA,No
kms8wj,APAC,Yes
d140rg,North America,No
8y3fdb,EMEA,No
h4qnbr,EMEA,No
e5tt5z,EMEA,No
n9i72s,EMEA,No
hvh0is,North America,No
80lk08,EMEA,No
q8xa3f,North America,No
b96ub9,North America,No
iknsj1,EMEA,No
ubifkn,North America,No
ktl2ji,North America,No
mfro0z,North America,No
nfa1zm,Africa,No
h99qeg,North America,No
jtbyou,EMEA,No
a2kduo,EMEA,No
3dyz69,APAC,No
uw6pqz,Africa,Yes
yy0tzw,EMEA,No
qyai7m,Latin America,Yes
zmyhc3,North America,No
ewk9ts,North America,Yes
7coc4w,EMEA,No
00m657,APAC,No
rb54kf,EMEA,Yes
ffhhdp,EMEA,No
bynrbs,EMEA,No
slk9hh,North America,No
z5w8t3,Africa,Yes
aut5l4,North America,No
v0y4qr,North America,No
ea348s,EMEA,No
djacqt,North America,No
vrgfxv,North America,No
s80oho,EMEA,No
k1hcub,EMEA,No
gbdv0e,EMEA,Yes
dzw7x4,APAC,No
4jsicd,Latin America,No
505b5x,EMEA,No
u02sik,Africa,No
v59pcj,EMEA,No
1qp34f,North America,No
6su7f5,North America,No
dtal8l,Africa,No
25kyao,Latin America,No
n2ginh,APAC,Yes
iyy6x6,North America,No
oqmwpe,APAC,No
uhcmmc,North America,No
ag1mwt,North America,No
gs3j8h,APAC,No
796ptt,EMEA,No
c93lj9,Africa,No
6k81qx,EMEA,No
u3uabf,Africa,No
tc2il2,Africa,No
ukzcqf,EMEA,Yes
4x5cf0,APAC,Yes
h7buii,EMEA,Yes
9bgfxe,North America,No
g9frfj,APAC,No
893rxv,North America,Yes
p8z0kp,APAC,Yes
r7d3sn,Latin America,No
md39xr,Latin America,No
u9jhhu,North America,No
vkq3z6,Africa,Yes
fao8f2,EMEA,No
58eshb,Africa,Yes
ipm1de,APAC,No
obz0j9,Latin America,No
kqu8fy,APAC,No
ku4o9e,EMEA,No
z3vtcj,Latin America,No
4t80ie,Africa,No
mcb2lr,North America,No
4rhpox,North America,No
804bk1,EMEA,No
4dgbzp,APAC,Yes
h0bn7j,North America,No
nj1hu5,EMEA,Yes
ne3w4d,EMEA,No
tztg9r,North America,No
dlzcba,North America,No
ui1btx,EMEA,No
w8m717,APAC,Yes
rxps6q,EMEA,Yes
8y4kyf,EMEA,No
kem6tm,EMEA,No
6wtvni,North America,No
ffxc0g,Latin America,Yes
amoukx,EMEA,No
6sjpm4,North America,No
2eljg0,North America,No
eh48s0,North America,Yes
zcu2yc,EMEA,No
m9uu0p,EMEA,No
3kz0if,Africa,No
uzhaen,APAC,Yes
zzcf04,EMEA,No
bfbl6y,EMEA,No
db0xlj,EMEA,No
o3s73l,APAC,No
whgmqo,EMEA,No
9lz5mr,APAC,No
rty2cr,APAC,No
9w7if6,North America,No
4sv5yn,EMEA,No
9hs9ls,Africa,Yes
vwppra,APAC,No
cfs066,APAC,No
imc478,North America,Yes
r7unez,North America,No
0m8p3y,APAC,Yes
qvicgp,EMEA,No
ei3q5q,EMEA,No
4nu95x,APAC,No
96zjk6,Africa,Yes
xcozxs,EMEA,No
30szrq,North America,No
m6y8fu,North America,No
l2drhe,North America,No
3fvrsr,North America,No
s5bhje,North America,No
hdluj4,North America,No
hnhd95,North America,Yes
b1o02a,APAC,No
xe5ith,North America,No
lid10b,North America,No
si0osq,EMEA,No
n1uame,EMEA,No
rs9hwl,EMEA,No
71djks,EMEA,No
wfm8gg,North America,No
b70u6y,EMEA,No
bba4j9,North America,No
ewbhe0,EMEA,No
511mro,APAC,No
szf3s0,EMEA,No
3c40nm,APAC,No
n5ky39,North America,No
vacwxd,North America,No
5m5eda,North America,No
1qpu8i,APAC,No
1eh8dg,North America,No
2gkn3h,APAC,No
myx680,Africa,No
3hp8gp,APAC,Yes
51ym0n,EMEA,Yes
lejmcz,EMEA,Yes
ndxqb7,APAC,No
d90ncv,Africa,No
k3hcs2,APAC,No
up7cqj,EMEA,No
hhsbn8,North America,No
26bfak,North America,No
ymzah0,APAC,Yes
asa2xs,North America,No
4xfzr3,APAC,No
bpcc2g,APAC,No
go9am5,APAC,Yes
jf8hmp,EMEA,No
1vryvz,North America,No
5k5iuo,EMEA,No
yitwus,North America,No
6pe54x,EMEA,No
kcug0n,North America,No
qf1hn5,North America,No
p9n0qq,North America,No
fnh3yi,North America,Yes
2cppke,EMEA,No
353gp4,EMEA,No
5ob3ao,North America,No
ikkex9,North America,No
6vhilm,North America,No
ugdqru,APAC,Yes
x05isx,North America,No
rlqo1p,EMEA,No
g26ujl,APAC,No
x72sf4,Latin America,Yes
v3n3gc,Africa,No
zuzmxe,North America,Yes
sgvjxs,North America,No
rv7r0s,North America,No
xu0xho,Latin America,Yes
oigfml,APAC,No
ewudiw,APAC,No
2x6fy3,North America,No
n6065p,EMEA,No
lo3rbs,North America,No
0pkobf,EMEA,No
u6ize3,APAC,No
fifolz,North America,No
eegaqo,Africa,Yes
f56dgu,APAC,No
67e6f3,APAC,Yes
qzf5gh,North America,No
yjcid2,EMEA,No
hs6b5u,Africa,No
16wtty,EMEA,No
79dukm,EMEA,No
cc9vjk,APAC,No
y7d813,EMEA,No
os03wo,North America,No
ycrd58,APAC,No
6d4ihb,APAC,No
l9h2bz,Latin America,No
e82sml,APAC,No
10tp0s,North America,Yes
fnv1ci,EMEA,Yes
1zho4y,Latin America,No
miqo1m,EMEA,No
e4stxl,North America,No
zfkzqe,EMEA,No
07kt3a,North America,No
q3bixt,EMEA,Yes
fay1gc,APAC,No
a2v1o7,Latin America,No
ak9zru,North America,No
ov99oz,APAC,Yes
pwm7to,North America,No
rso2h3,EMEA,No
cs3oi5,APAC,No
ictklk,North America,No
8reox8,APAC,No
0hn566,Latin America,Yes
0teamn,North America,No
vjecoz,APAC,Yes
q6hkty,APAC,No
za6pah,APAC,No
737xfi,North America,No
6h3juu,EMEA,No
tsyog9,Africa,No
o6rrzt,APAC,No
qnq6c3,North America,No
g9iegd,APAC,No
jsya94,EMEA,No
jsve2p,Latin America,No
8su1s9,EMEA,No
grx1qg,EMEA,No
eotn74,EMEA,No
75k8hb,APAC,Yes
csnqx5,North America,No
k5mf1c,Latin America,Yes
2lm0ct,North America,Yes
h7ed61,Latin America,Yes
wdwbw2,North America,No
8g1t7b,North America,No
xs0emw,EMEA,No
spgi08,Latin America,No
4gxmsp,North America,No
ubu3d7,EMEA,No
as766k,North America,No
1rk972,EMEA,No
3m9ltn,APAC,Yes
jlm38g,North America,No
vuckzv,North America,No
m8b63g,North America,No
pod1kb,Latin America,No
wn0fpi,Africa,No
gh6ijn,APAC,No
l0q7ry,APAC,Yes
0wlwey,North America,No
ds76lu,North America,No
9dopkt,Latin America,No
8pu2i4,North America,No
p9ew8m,APAC,Yes
2lfr13,North America,Yes
bih63y,EMEA,No
qqa105,EMEA,No
y5rw4u,EMEA,No
ssfyfi,Latin America,Yes
5j4ye9,North America,Yes
th560v,North America,No
daykld,EMEA,No
0yncmx,EMEA,No
946s2b,EMEA,Yes
rcg3ha,North America,No
x1f39g,North America,No
sp2cv4,EMEA,No
2ywcbi,APAC,Yes
32xgfl,APAC,No
zaxacg,North America,No
6rgtdw,APAC,No
1cm2gq,North America,No
aqg9wi,APAC,Yes
hm7qvu,North America,Yes
y68wqy,EMEA,No
sbby9t,EMEA,No
4ildyx,North America,Yes
nfxvfg,North America,No
sm6fl3,APAC,No
5au5w9,EMEA,No
nlvmza,North America,No
5binfz,APAC,No
iajjkj,EMEA,No
u3upcz,North America,Yes
xgrsjr,APAC,Yes
5empta,North America,Yes
1g88c6,North America,No
yju74n,EMEA,No
8ig0yw,EMEA,No
cech9s,APAC,Yes
dfxs9d,North America,No
hmt126,North America,No
9rcpbh,EMEA,Yes
ndq7mg,APAC,No
r9pmll,North America,No
5k1qp6,APAC,No
k2xzwz,North America,No
n9i1w9,APAC,No
kepdwg,North America,Yes
tp4tpw,North America,No
ahq6oy,EMEA,Yes
7fudaj,North America,Yes
9akib9,North America,No
qt5k27,EMEA,No
4naa2i,EMEA,No
4tod7q,EMEA,No
m2cokt,EMEA,Yes
jt3jii,North America,No
qjtuwn,Latin America,No
6kjc9a,APAC,No
4xedzy,EMEA,No
eqqiq0,North America,No
ayhm3x,EMEA,No
qs7nss,North America,Yes
e96j6o,North America,No
buhe99,North America,No
8o0b9r,EMEA,No
lpv8pp,EMEA,No
r3wx56,EMEA,Yes
r4l61x,North America,No
lhhqbh,APAC,Yes
93ge9r,North America,No
m0vlbh,EMEA,No
jx3uag,EMEA,No
edrarz,North America,No
67pyuk,APAC,Yes
s5z2go,North America,No
egev0r,APAC,No
p4df00,EMEA,No
vcbh14,EMEA,No
2h9owy,EMEA,No
35fyjs,APAC,Yes
x2zm28,APAC,No
3mm795,EMEA,Yes
n461r0,APAC,No
krbol3,APAC,Yes
0hylyb,EMEA,No
atsqus,North America,No
rr8avs,North America,No
bw9rws,APAC,Yes
jk8pyd,EMEA,No
yh3ano,North America,No
h2takn,EMEA,No
c5bkie,EMEA,No
weius8,North America,Yes
os68la,Africa,No
ew4i7l,EMEA,No
6c6l5n,Latin America,No
vbu31z,APAC,Yes
psky93,North America,No
yoojc6,Latin America,No
lrqc1r,Africa,Yes
bm9ivh,EMEA,No
foaxjv,EMEA,No
b5c800,North America,No
yv49al,Africa,No
5vv0e9,North America,No
d0assm,APAC,No
ntg2yh,EMEA,No
svbegs,North America,Yes
n7vadt,EMEA,No
uipiqv,North America,No
9229vp,EMEA,Yes
xgf4wa,EMEA,No
5488h2,APAC,No
k46ws4,EMEA,No
4euqed,North America,No
x3i1o6,North America,No
iq0qx4,EMEA,No
6l7w7o,North America,Yes
qob45f,North America,No
r23ixl,EMEA,No
d56jz2,EMEA,No
moqr5l,EMEA,No
qzzvo3,APAC,Yes
n7ggpv,North America,No
db79aw,North America,No
kufym2,EMEA,No
mv1dpa,Africa,No
dcr9pz,North America,No
rabigb,APAC,No
xxue6e,North America,No
o54h8l,APAC,Yes
bx5gwh,Latin America,No
4sduij,Africa,Yes
oloh00,EMEA,No
j0zlz2,APAC,No
2j168e,North America,Yes
7wmpqr,North America,No
n3doj3,North America,No
exqknu,APAC,No
s4ix43,APAC,Yes
8735jo,APAC,Yes
57ralj,EMEA,No
yxij3l,EMEA,No
8r52oy,North America,No
r22x1q,EMEA,No
e743hm,North America,No
0nviej,North America,No
k3urxo,North America,No
it83qz,North America,No
yqe9gg,APAC,No
4mkjk0,North America,No
01evx9,North America,No
m4r11m,EMEA,No
4lx91b,Africa,No
9ddrx2,EMEA,No
9n9i2v,EMEA,No
62jy6b,Africa,No
rr2m4k,EMEA,No
7b31ko,APAC,No
z8j867,Latin America,Yes
o9xn7s,North America,No
9s4edc,North America,No
h3lnwt,North America,No
smdnwc,EMEA,No
jyp5z4,APAC,Yes
suhcid,North America,No
2w3xjz,EMEA,Yes
rh5etx,EMEA,No
v4qyjv,North America,Yes
cpt5r6,APAC,No
supi8c,Latin America,No
tmc2zf,EMEA,No
y4y238,EMEA,Yes
psaj67,APAC,No
mrh6pr,EMEA,No
xb1vbu,EMEA,No
kgzcv3,APAC,No
q4k637,North America,No
kry5wm,North America,No
effoxg,EMEA,No
be1r0x,North America,No
mwx775,EMEA,Yes
pnqzlf,North America,No
23kjp4,APAC,Yes
e96b8m,North America,No
i70kmn,APAC,No
dte5vu,North America,No
zsr6dz,North America,No
g7m0sl,EMEA,No
lpgmtp,EMEA,No
uddisl,North America,No
s2u5pq,North America,No
xdco11,APAC,No
swubk6,North America,No
ot719k,EMEA,No
crrkum,EMEA,Yes
2ny31n,APAC,No
15rcxb,EMEA,Yes
5a46r9,EMEA,No
q2o3bt,EMEA,No
2mmu5p,EMEA,No
lbtr6x,EMEA,No
c4nnjz,EMEA,Yes
ygebit,North America,No
fbiv60,North America,No
zsheeh,EMEA,No
xr6044,APAC,No
63gpr7,North America,Yes
d3ey64,North America,No
9lzuqw,Africa,No
xfld42,EMEA,No
05m1he,Latin America,No
879d7q,EMEA,No
xhdhoi,APAC,No
alnllv,North America,No
9mj74v,Latin America,Yes
i0tfbv,EMEA,No
antfql,Latin America,Yes
x6edxw,EMEA,Yes
18ipir,APAC,Yes
pmiqlh,EMEA,No
yl8fy3,North America,Yes
3bxeqp,Latin America,No
qbv8fk,APAC,No
vpgvxb,EMEA,Yes
vxe3d9,APAC,Yes
dpxdkc,EMEA,Yes
8ywlsw,EMEA,Yes
g8d8bi,North America,No
9enhde,North America,No
azvhzi,EMEA,No
bl37nn,APAC,No
8uoxqe,APAC,No
322vfw,Latin America,No
vs5eej,EMEA,Yes
eee02g,North America,No
sqthug,North America,No
4h7qxj,EMEA,No
itzojo,EMEA,No
23wujr,APAC,No
wk8m9b,North America,No
66hmm4,North America,No
m0isyi,North America,No
xgh533,EMEA,Yes
pa9f4r,EMEA,No
9mazkt,North America,No
48up6d,North America,No
76o1df,North America,No
6bj1uw,North America,No
4yo2g1,APAC,No
drwgpf,EMEA,Yes
s7f101,Latin America,No
lz3x28,EMEA,No
swks4i,EMEA,Yes
pmgj2c,APAC,Yes
xgayjd,EMEA,No
1dr38f,North America,No
mnfjes,EMEA,No
uc2mgr,Africa,Yes
ur6bdd,EMEA,No
g5fpes,EMEA,Yes
co972j,North America,No
48jvaq,North America,No
iqbiyf,North America,No
x3q91x,North America,No
srfpnm,EMEA,No
91ozlm,Latin America,No
b28p0l,Latin America,Yes
hs62ey,North America,No
5aymw1,EMEA,No
jkdqkl,Latin America,No
wosjex,Africa,No
prmxqn,Africa,No
joh2m4,Latin America,Yes
5hkzxo,EMEA,Yes
vv8vab,APAC,Yes
djnfnk,EMEA,No
nd45wi,EMEA,No
tr2qbh,Africa,Yes
acvag4,Latin America,No
ovg1lt,APAC,No
e770ie,EMEA,No
h4hqmt,North America,No
xwq1va,APAC,Yes
zrtjoy,APAC,Yes
0zqcdh,Africa,Yes
yc4z03,EMEA,No
osxcsb,North America,No
nqax30,EMEA,Yes
dr1g7j,North America,Yes
t9sneu,EMEA,No
zbh32w,North America,No
5of6ki,North America,No
9t3pjg,APAC,No
rze83d,APAC,Yes
j815fj,North America,No
dj5y4p,Africa,No
qidie5,North America,No
xu8bwe,EMEA,No
7j4oqq,Africa,No
4715pr,EMEA,No
gbz5b2,Latin America,Yes
kchsr3,North America,No
q3xdrm,North America,Yes
w61qff,North America,Yes
eb2u19,APAC,No
vdapch,North America,No
rdizm1,EMEA,No
eegq96,EMEA,No
fnq9fp,EMEA,Yes
fmhzuq,APAC,No
578x40,EMEA,No
yjrglx,Latin America,No
wsz9jy,APAC,Yes
69r8ep,EMEA,No
v5p1lr,EMEA,Yes
86y3zt,EMEA,No
gwd8ud,North America,No
kbol51,APAC,Yes
wgd0ge,Latin America,No
g0kr8y,APAC,No
w528av,APAC,Yes
j67ala,North America,Yes
wx1tv3,North America,No
1hhir6,North America,Yes
jvq8o4,North America,No
xx3lu6,EMEA,Yes
wv69ye,Africa,Yes
luz5m1,North America,Yes
uoatj5,EMEA,Yes
84s9va,Latin America,No
lkmm9y,North America,No
4zz9bk,APAC,No
vzppoy,APAC,No
s2m3km,Latin America,No
jf67ln,Latin America,Yes
xqb4cf,Africa,Yes
zftntf,Africa,No
lutycw,Latin America,Yes
uwh6fi,APAC,Yes
hlvkhd,North America,No
357tiw,North America,Yes
ve2nn5,Latin America,No
mz69hp,North America,No
jsevoo,North America,No
tvqs7b,Africa,Yes
88dsmh,EMEA,Yes
1pazte,Latin America,No
ctismx,Latin America,No
egnl0i,Africa,No
bi4dr7,North America,No
5zm1rb,EMEA,No
0crzfr,EMEA,No
g7atdv,Africa,Yes
hch7hw,North America,Yes
w9uu1l,EMEA,No
ubhx5z,Africa,No
tme17j,APAC,No
qvyy5g,APAC,Yes
b4rpjy,APAC,No
bs88tw,APAC,No
dn11ju,APAC,No
58erjq,North America,Yes
lrdt9t,EMEA,Yes
ee4h53,North America,No
1i8t77,EMEA,No
oikvot,EMEA,No
9gorce,North America,Yes
1kyusz,APAC,No
3xiilc,EMEA,No
avzdyx,North America,No
i74h4q,EMEA,No
r8mshr,North America,No
oxs79k,APAC,No
2zkdoc,North America,No
ou2o90,EMEA,No
z9lp4d,APAC,No
ymuho2,Latin America,No
ddjys2,North America,No
r05534,EMEA,No
cgismc,Africa,No
cf38hl,EMEA,No
dpenql,APAC,Yes
h5kdrz,EMEA,No
rujep4,North America,No
7g5vdr,North America,No
sso8ho,APAC,Yes
zqvs7n,APAC,No
3vw68v,Africa,Yes
f907i3,EMEA,No
qhgemi,Africa,Yes
8yqf17,APAC,No
dyb4nd,EMEA,No
uqyu1q,EMEA,No
47d5pe,North America,Yes
3hwj1d,EMEA,No
w5xpqb,EMEA,No
xogns0,EMEA,No
aw038g,North America,No
qxwtkh,Africa,No
5tjw33,North America,Yes
6jb4d8,APAC,No
mac63g,APAC,Yes
xxljha,EMEA,No
2kh3sz,EMEA,No
du73az,EMEA,No
xzhidi,North America,No
18sone,APAC,Yes
rxh1i7,EMEA,No
ylf75p,North America,No
f8zo98,EMEA,No
mc9xgg,North America,No
5rr00x,EMEA,No
uohmt3,EMEA,Yes
0ccdhc,EMEA,No
ikyyfv,APAC,No
71ibgo,APAC,Yes
49kgt7,North America,No
ja2wga,EMEA,No
tb47jc,APAC,No
1i36dt,EMEA,No
0xhnyq,APAC,No
3wqxe5,Latin America,No
4c1zsi,APAC,No
npke3n,EMEA,No
h7xk7a,Africa,No
f7a4oo,North America,No
ce9fpi,EMEA,No
yghl7k,North America,No
msph2v,EMEA,Yes
2k5ra1,North America,Yes
o7a1zb,North America,No
ug59tt,North America,No
3xirbk,Latin America,No
c44dha,APAC,No
ewk9h7,EMEA,No
jjm55u,North America,No
6e97jp,EMEA,No
mv6uhe,EMEA,No
3d2uou,EMEA,No
ztoawi,EMEA,No
csz9ok,EMEA,No
l2o7qj,EMEA,Yes
6u2gq7,North America,No
c19urs,EMEA,No
t026v1,North America,Yes
mddguc,North America,No
0yoz43,EMEA,No
203cnj,North America,No
nzf16w,Africa,No
qnyvte,North America,No
ho4g26,Latin America,Yes
55pk4j,EMEA,Yes
tu4tof,EMEA,Yes
cufetf,Latin America,Yes
9umerq,EMEA,No
24uy3f,EMEA,No
77b970,North America,No
4z988z,EMEA,No
y217mg,North America,No
oeeo0n,North America,No
o3pylj,North America,Yes
qat02l,APAC,Yes
uxguwt,North America,No
tn1r17,North America,No
mez8ka,North America,No
v0j4e5,EMEA,No
c3asix,APAC,Yes
y7k5b8,EMEA,No
i8rpdw,EMEA,No
enhwas,EMEA,No
z4i8rz,Latin America,No
jhxom8,North America,No
nvcee8,EMEA,No
qimpls,North America,Yes
ga8b7p,EMEA,Yes
41jhjj,North America,No
koyusg,North America,No
o0v0z4,EMEA,No
rpov4f,APAC,Yes
r9zrza,Africa,No
8edm8f,North America,No
egyiny,EMEA,No
i0ooug,North America,No
pywfcz,North America,No
gazyei,EMEA,No
jcahhi,EMEA,No
n0hs62,North America,No
3unru4,EMEA,Yes
pihh6p,EMEA,Yes
j9m8ov,EMEA,No
2y49o9,EMEA,No
pxc1g3,EMEA,No
iw2ot2,EMEA,Yes
rzlj1o,EMEA,No
586v9j,EMEA,No
r37cnr,North America,No
ionrze,APAC,Yes
bhw4ik,Latin America,No
xqgw2z,Latin America,Yes
d7em4d,APAC,Yes
gbx48m,EMEA,No
13bdqu,Latin America,Yes
v4q8i4,EMEA,No
r0tn8v,APAC,No
r6u5v8,EMEA,No
18e2c4,North America,Yes
gxxpl2,North America,No
0kx5yv,EMEA,Yes
ap37w3,EMEA,No
pa5y1o,North America,No
69olyz,EMEA,No
uyj0zh,EMEA,Yes
l7013n,North America,No
4aic44,North America,Yes
vcklvc,EMEA,No
oxivch,APAC,No
hhpmg5,EMEA,No
f0pj50,EMEA,No
3jm2q3,APAC,No
l66p9w,EMEA,No
gnihvf,EMEA,No
y5q1qe,North America,Yes
96hecr,North America,No
6xdv4s,EMEA,No
yxg86a,EMEA,No
681hhs,EMEA,No
96vety,Latin America,Yes
gxp9dh,EMEA,No
7i5t2a,EMEA,No
ybrfen,North America,No
cn7ata,APAC,No
ykgcdr,EMEA,Yes
afsygy,North America,No
amp6ii,North America,No
7yvoao,EMEA,No
rwwjp8,EMEA,No
gi9vb7,North America,Yes
of70vf,EMEA,Yes
1s6gk8,EMEA,No
gqjh8e,EMEA,No
6szaif,Africa,Yes
bjb9w1,APAC,Yes
10sqst,EMEA,No
zbb83n,North America,No
su3xni,EMEA,No
076juv,North America,Yes
54xue8,North America,No
k6fy9y,APAC,No
e2eub4,APAC,No
8osqnf,EMEA,No
140pat,APAC,No
o1js7x,APAC,Yes
klejxx,EMEA,No
h1xuyg,APAC,Yes
lui59w,EMEA,No
yaxb22,Africa,Yes
305rtg,EMEA,No
a26pgz,Latin America,No
9rjmpo,Latin America,Yes
lb52wg,EMEA,No
2msany,North America,No
87vkjh,EMEA,No
okgr5k,APAC,No
vowpqf,EMEA,No
jaq586,APAC,Yes
4uzkdv,Latin America,No
wal9qi,APAC,No
norpib,North America,No
q0awg5,EMEA,No
szxe9t,Latin America,No
56pxm2,EMEA,No
f1tmmg,EMEA,No
c9nhwp,APAC,No
bn1bah,Africa,No
inia5v,Africa,No
042acv,North America,No
v1g416,North America,No
7r6wsz,North America,Yes
3tbzck,Africa,No
av6wl5,EMEA,No
t8ep7d,APAC,No
9qjwdz,APAC,No
n1nu9a,APAC,No
0l8ib2,EMEA,No
kgxtz2,North America,No
q7gx8v,EMEA,No
ymx3lp,APAC,No
u7i6rj,North America,No
rjss5x,North America,No
20xuwh,North America,No
zkuui8,APAC,Yes
if1xmi,EMEA,No
bwoq60,EMEA,No
vvc6zu,EMEA,Yes
tyydiw,EMEA,No
qnzz2m,North America,Yes
7zk7k0,EMEA,No
3c6m92,North America,Yes
okrr2r,APAC,Yes
84n3mj,EMEA,No
f15m8b,EMEA,Yes
9qbik5,EMEA,No
0v8ei4,North America,No
w5bnsb,EMEA,No
j2lic0,APAC,No
3ucg8s,Latin America,No
1lyx2r,EMEA,No
5xiw91,APAC,No
rwxlp2,Latin America,No
ozbhhl,EMEA,No
jr3miq,North America,No
f5py1l,North America,No
m2hmsk,North America,No
trwkn5,North America,No
d7e1n9,EMEA,No
et0u9w,North America,Yes
f6vmf8,North America,No
smzzi9,Africa,No
zm0bbv,Africa,No
jn1dvv,Latin America,No
tw9r91,EMEA,No
4t354a,North America,No
rguwak,Latin America,Yes
l1cimy,EMEA,No
fwc1t3,APAC,Yes
rifl3q,EMEA,Yes
akdd78,EMEA,No
inrzea,North America,No
1rulny,APAC,No
yzrwo9,APAC,No
52md3b,Latin America,No
7359ap,North America,No
hyhtl9,North America,Yes
s46bxj,North America,No
fakvzn,EMEA,Yes
qik895,EMEA,No
2praaw,North America,Yes
vrbmtz,Africa,No
ulmgt8,EMEA,No
cdr2yz,North America,Yes
ecbj3x,North America,Yes
emgdw6,North America,No
dn5ala,APAC,No
riw45b,APAC,No
jzjhx4,North America,Yes
jl2r91,APAC,No
ugozk8,North America,No
okujdd,EMEA,No
sw3hrw,Africa,Yes
gcsij3,APAC,Yes
9bloup,EMEA,Yes
wxk68x,North America,No
qmiib3,EMEA,No
hxo9jp,North America,No
lepfhl,Africa,No
6erqbc,APAC,No
u0suyb,EMEA,No
p5t24f,EMEA,No
eskuna,North America,No
sjf5xs,APAC,No
i1dx4k,North America,Yes
9tk6lq,APAC,Yes
tb9i4j,North America,No
u70z83,North America,No
rq19yu,North America,No
s14t2v,EMEA,No
lyn4ob,EMEA,No
aj2ceu,North America,No
g9gf98,North America,No
co4tkj,EMEA,Yes
jjeq1e,EMEA,Yes
thkqgj,North America,No
m346nx,EMEA,Yes
r1y4f0,North America,No
kudxjj,North America,No
wc8461,Latin America,Yes
raf8qs,North America,Yes
2egtl6,North America,No
k03gxl,APAC,No
re1tuv,North America,Yes
syhug6,EMEA,No
4gx9ff,EMEA,No
nr0vt6,Africa,No
6t7lq8,APAC,Yes
wcerwo,Latin America,No
3ddocl,EMEA,No
bozy6c,APAC,Yes
detc25,Africa,No
6rdj6j,North America,Yes
5dwp1t,North America,No
tkr2te,EMEA,No
tgeaqf,APAC,No
cfpzo1,North America,No
2th87i,EMEA,No
2o3miv,North America,No
lwy3t4,North America,Yes
n4zcrs,EMEA,No
9qzz6s,EMEA,No
yf7iq9,EMEA,Yes
jswxv1,EMEA,No
38b1z1,Africa,No
w5w5lt,EMEA,No
osme77,North America,No
ckyi2n,Latin America,No
0fkmi3,North America,No
l9kgwt,North America,No
k2gptk,APAC,No
rcwxt8,EMEA,No
zjexg8,EMEA,Yes
7w4pws,EMEA,No
s2x9n2,APAC,Yes
w8u0ga,North America,No
gzvg83,EMEA,No
yqezm8,EMEA,No
j3o9e9,Latin America,No
ycq3se,EMEA,No
8juzrr,EMEA,No
m7vtbu,EMEA,No
6pe2ia,EMEA,No
l7v422,EMEA,No
7nuw90,North America,No
g60sbm,EMEA,No
fq7g29,EMEA,No
cnjcjh,Africa,No
4sl1lk,EMEA,No
gapfjk,North America,No
dg4ucf,APAC,No
h5gypn,Latin America,No
kodhcp,EMEA,No
ta9gyl,APAC,No
4a40xk,Africa,Yes
7c5d05,North America,No
l0jowg,North America,No
rdj657,APAC,No
ulqyho,APAC,No
yrlnzh,North America,No
3hzirm,APAC,No
bpikm8,Africa,Yes
iux39f,EMEA,Yes
zr9tze,APAC,No
mtiqq0,Africa,Yes
0byylf,EMEA,No
n2u86n,Africa,Yes
w1rrx4,EMEA,No
3sr0uq,APAC,No
8gkiwf,North America,No
nq7cp1,North America,No
1khdku,EMEA,No
zkwiof,North America,No
1pvgja,North America,No
yyd9zf,APAC,No
aitndb,North America,No
3pwk44,Latin America,Yes
skxdkr,EMEA,No
g4wjlt,APAC,No
5p7ivv,North America,Yes
h69h7t,North America,Yes
lq4p18,North America,No
hpm8y7,EMEA,Yes
uf3705,North America,Yes
hjxgek,North America,No
nqy2oo,APAC,No
3h6edl,North America,No
jwwzp7,EMEA,No
b5qhcd,APAC,No
f2dx60,APAC,No
h47t6t,North America,No
2bgmup,EMEA,No
idbgy0,North America,No
bervrl,APAC,No
fb6wkj,APAC,No
o8wdwc,APAC,No
1fb0gv,APAC,No
9hnnzu,APAC,Yes
4kc77o,APAC,Yes
rv2t2j,Africa,No
fl4iv5,North America,No
g03e48,EMEA,No
4yk2yc,EMEA,No
xhf54r,APAC,No
hyq0b0,EMEA,No
d0xye8,Latin America,No
a4dzw7,APAC,No
zx558r,North America,No
egn22u,North America,No
ukiyxs,APAC,Yes
gz68h8,North America,Yes
ibsmhl,North America,No
oc9csf,APAC,No
mjjcja,North America,No
jnu3ld,North America,No
p38mb8,North America,No
t1dp0k,Africa,Yes
jpumsd,Africa,No
57x0vy,EMEA,No
k0tbjh,APAC,Yes
ujruz0,EMEA,No
b4agzh,EMEA,No
l087fr,APAC,Yes
d12afj,EMEA,No
kh3wk2,EMEA,Yes
jmat07,EMEA,No
luvynv,APAC,No
ynvwbk,North America,No
ro5738,EMEA,No
nm7k7g,APAC,No
g9kihg,EMEA,No
jk9ji3,North America,No
x53w3s,APAC,No
djhbzq,EMEA,No
o2o502,EMEA,No
5r7st8,Latin America,Yes
bbafbk,APAC,No
ma8kak,EMEA,No
8vcxf9,APAC,No
f3gtpl,North America,Yes
4hcsfq,APAC,No
q5uzpa,North America,No
r23hot,APAC,Yes
0nq64e,North America,No
figh46,APAC,Yes
7ecpyy,EMEA,Yes
rhi8gk,APAC,No
magaq5,North America,No
r52hsm,EMEA,No
2suo3m,North America,Yes
h27z6r,APAC,No
vl8nwu,APAC,No
uzl7qk,North America,No
q110bp,APAC,No
8dxl4l,North America,No
f96wl2,North America,No
af4jl6,EMEA,No
90rlfz,EMEA,Yes
e4bdk9,EMEA,No
y53q90,North America,No
1w4bji,EMEA,No
pr7f8w,North America,No
inc2pr,North America,No
2kssvt,North America,No
a3nf4k,EMEA,No
uv3aqx,APAC,Yes
unjht8,Africa,Yes
3m5a5t,Latin America,No
ilhe9f,EMEA,Yes
g8jish,EMEA,No
gslvxq,EMEA,No
4rftsv,APAC,Yes
hmlaqy,EMEA,No
7dblui,EMEA,Yes
7zccit,EMEA,No
uhuj1w,North America,Yes
8hiixz,North America,No
z3nfo9,North America,Yes
f6esi3,North America,Yes
e38hlr,North America,No
rn4lj6,EMEA,No
8cyhi5,APAC,No
uy6rnq,North America,No
hhl6o7,Latin America,Yes
n251ss,EMEA,No
rm251m,Latin America,No
ek9kug,North America,No
r31i4s,Africa,No
o55pgy,EMEA,No
p3tz0q,North America,No
oi2bsg,North America,No
dt0mkp,APAC,No
hjzuxp,EMEA,No
e05tn0,EMEA,No
ma43nv,North America,No
m03qw0,EMEA,Yes
v3lgyc,North America,No
0686jf,Latin America,Yes
6h7gal,APAC,No
thqqh9,EMEA,No
kw869w,North America,No
rfihch,EMEA,No
44ic8a,North America,Yes
kzzr67,EMEA,No
jmkicb,Latin America,Yes
6aaxof,EMEA,No
kp60vg,North America,No
81bo36,APAC,Yes
4xenwc,North America,No
y3hsxn,North America,No
m5ccqa,North America,No
2r663q,APAC,No
7d38ay,APAC,No
x4iptr,APAC,Yes
9wetf8,North America,No
jhab0i,APAC,No
dzjt6s,EMEA,Yes
2ufn2n,North America,No
r79x1t,EMEA,No
jtn6w7,North America,No
vrqpio,North America,No
fe2icd,Africa,No
y3vd6g,North America,No
vvpy0d,Africa,No
jgp1ww,APAC,No
giig49,APAC,Yes
3i2pu6,North America,No
fpk63w,North America,No
flruww,APAC,Yes
cnkee5,EMEA,No
t4ktmq,EMEA,No
b8x5ho,APAC,No
boeven,Africa,Yes
v0thap,North America,No
f2r6l4,Latin America,No
2eag2g,EMEA,No
shpg7c,Latin America,Yes
c20s4m,North America,Yes
0h201z,North America,No
gaqca8,North America,No
us2nmd,North America,No
2tjv4e,EMEA,No
puaafo,APAC,Yes
m2yxd3,North America,No
vp4oio,North America,No
boe87r,EMEA,No
dgjmbs,EMEA,Yes
qy4slc,APAC,No
4ko3wz,Africa,No
7w9rb9,Africa,No
sentk9,Africa,No
09wbcm,North America,No
ndr80a,Latin America,No
a08uu4,EMEA,No
dkvokc,North America,No
hv3c0y,Latin America,No
sydk1g,North America,No
g9h4te,North America,No
ske9i2,EMEA,Yes
2om520,Africa,No
hlav31,APAC,Yes
2hvcjz,Africa,Yes
yogrys,North America,No
tsym31,North America,Yes
bmqbun,EMEA,Yes
mbr26t,APAC,Yes
73wcva,EMEA,No
rfwhv3,Africa,Yes
17ltoz,EMEA,No
lj223t,APAC,Yes
luwpi4,EMEA,No
1q42kg,North America,No
6fyyus,EMEA,No
ju86q2,Latin America,No
sk740m,APAC,No
qcwycd,APAC,No
8r6jj3,Africa,Yes
0cca1l,EMEA,Yes
ypoxiw,APAC,No
